{
  "total_files": 382,
  "successful": 382,
  "failed": 0,
  "pesq_mean": 2.430183639701124,
  "pesq_std": 1.5891999986451841,
  "pesq_min": 1.0239486694335938,
  "pesq_max": 4.643888473510742,
  "pesq_median": 1.4275558590888977,
  "snr_global_db_mean": 32.0912349493171,
  "snr_global_db_std": 48.556259758826904,
  "snr_global_db_min": -3.9785955064484146,
  "snr_global_db_max": 100.0,
  "snr_global_db_median": -2.188067152953897,
  "snr_segmental_db_mean": 9.71164110508719,
  "snr_segmental_db_std": 18.08704971207202,
  "snr_segmental_db_min": -4.5121314284377965,
  "snr_segmental_db_max": 35.0,
  "snr_segmental_db_median": -2.756406039513613,
  "stoi_mean": 0.7196005265659313,
  "stoi_std": 0.2488676893023558,
  "stoi_min": 0.1744449579068044,
  "stoi_max": 1.0,
  "stoi_median": 0.693483933376344,
  "pesq_by_distance": {
    "0": {
      "mean": 4.643888473510742,
      "std": 0.0,
      "count": 100
    },
    "1": {
      "mean": 4.643888473510742,
      "std": 0.0,
      "count": 27
    },
    "2": {
      "mean": 1.2101256135437224,
      "std": 0.15064598942515475,
      "count": 72
    },
    "4": {
      "mean": 1.2663733116304032,
      "std": 0.17741796540925114,
      "count": 99
    },
    "5": {
      "mean": 1.5006703833738964,
      "std": 0.5070272014913559,
      "count": 84
    }
  },
  "pesq_by_speaker": {
    "F1": {
      "mean": 1.051162850472235,
      "std": 0.06378176578928951,
      "count": 62
    },
    "F2": {
      "mean": 1.3072336707264185,
      "std": 0.06444003071058618,
      "count": 64
    },
    "F3": {
      "mean": 4.643888473510742,
      "std": 0.0,
      "count": 50
    },
    "F4": {
      "mean": 1.3456560197998495,
      "std": 0.08493856085578551,
      "count": 34
    },
    "M1": {
      "mean": 2.625693599383036,
      "std": 1.576245218822022,
      "count": 72
    },
    "M2": {
      "mean": 4.643888473510742,
      "std": 0.0,
      "count": 50
    },
    "M3": {
      "mean": 1.6060801506042481,
      "std": 0.6344966443342172,
      "count": 50
    }
  }
}