{
  "total_files": 192,
  "successful": 192,
  "failed": 0,
  "pesq_mean": 3.5316702059159675,
  "pesq_std": 1.5774605593569655,
  "pesq_min": 1.1870037317276,
  "pesq_max": 4.643888473510742,
  "pesq_median": 4.643888473510742,
  "snr_global_db_mean": 65.82116729647676,
  "snr_global_db_std": 48.46299586380758,
  "snr_global_db_min": -3.144979136772773,
  "snr_global_db_max": 100.0,
  "snr_global_db_median": 100.0,
  "snr_segmental_db_mean": 22.149948815643167,
  "snr_segmental_db_std": 18.22266965002705,
  "snr_segmental_db_min": -4.5121314284377965,
  "snr_segmental_db_max": 35.0,
  "snr_segmental_db_median": 35.0,
  "stoi_mean": 0.8887049284821661,
  "stoi_std": 0.15903725408964217,
  "stoi_min": 0.584346996085659,
  "stoi_max": 1.0,
  "stoi_median": 0.9999999999999989,
  "pesq_by_distance": {
    "0": {
      "mean": 4.643888473510742,
      "std": 0.0,
      "count": 100
    },
    "1": {
      "mean": 4.643888473510742,
      "std": 0.0,
      "count": 28
    },
    "2": {
      "mean": 1.324875582009554,
      "std": 0.0660772781169805,
      "count": 32
    },
    "4": {
      "mean": 1.289591759443283,
      "std": 0.05856813754792129,
      "count": 32
    }
  },
  "pesq_by_speaker": {
    "F1": {
      "mean": 4.643888473510742,
      "std": 0.0,
      "count": 28
    },
    "F2": {
      "mean": 1.3072336707264185,
      "std": 0.06444003071058618,
      "count": 64
    },
    "F3": {
      "mean": 4.643888473510742,
      "std": 0.0,
      "count": 50
    },
    "M2": {
      "mean": 4.643888473510742,
      "std": 0.0,
      "count": 50
    }
  }
}